<?xml version="1.0" encoding="UTF-8"?>
<Entities
 build="b103"
 majorVersion="8"
 minorVersion="5"
 modelPersistenceProviderPackage="PostgresPersistenceProviderPackage"
 revision="5"
 schemaVersion="1054"
 universal="password">
    <Mashups>
        <Mashup
         aspect.isEditableExtensionObject="true"
         aspect.isExtension="true"
         aspect.isResponsive="true"
         aspect.mashupType="mashup"
         columns="0.0"
         description="Allows you to pick the Entities you want to export"
         documentationContent=""
         homeMashup=""
         lastModifiedDate="2020-09-17T12:43:00.680-07:00"
         name="GitBackup.EntityPicker.Mashup"
         projectName="GitBackup"
         rows="0.0"
         tags="">
            <avatar></avatar>
            <DesignTimePermissions>
                <Create></Create>
                <Read></Read>
                <Update></Update>
                <Delete></Delete>
                <Metadata></Metadata>
            </DesignTimePermissions>
            <RunTimePermissions></RunTimePermissions>
            <VisibilityPermissions>
                <Visibility></Visibility>
            </VisibilityPermissions>
            <ConfigurationTableDefinitions></ConfigurationTableDefinitions>
            <ConfigurationTables></ConfigurationTables>
            <ParameterDefinitions>
                <FieldDefinition
                 aspect.bindingDirection="BOTH"
                 aspect.dataShape="SpotlightSearch"
                 aspect.isMandatory="false"
                 aspect.ordinal="0"
                 baseType="INFOTABLE"
                 description=""
                 name="EntitiesToExport"
                 ordinal="0"></FieldDefinition>
                <FieldDefinition
                 aspect.bindingDirection="IN"
                 aspect.isMandatory="false"
                 aspect.ordinal="3"
                 baseType="BOOLEAN"
                 description=""
                 name="ExportDependents"
                 ordinal="0"></FieldDefinition>
                <FieldDefinition
                 aspect.bindingDirection="IN"
                 aspect.isMandatory="false"
                 aspect.ordinal="2"
                 baseType="STRING"
                 description=""
                 name="GitThing"
                 ordinal="0"></FieldDefinition>
                <FieldDefinition
                 aspect.bindingDirection="IN"
                 aspect.isMandatory="false"
                 aspect.ordinal="1"
                 baseType="STRING"
                 description=""
                 name="Project"
                 ordinal="0"></FieldDefinition>
            </ParameterDefinitions>
            <Things>
                <Thing>GIT.Utility.Thing</Thing>
            </Things>
            <ThingShapes>
                <ThingShape>Git.Utility.ThingShape</ThingShape>
            </ThingShapes>
            <ThingTemplates></ThingTemplates>
            <mashupContent>
            <![CDATA[
            {
              "CustomMashupCss" : "",
              "Data" : {
                "DynamicThingShapes_Git.Utility.ThingShape" : {
                  "DataName" : "DynamicThingShapes_Git.Utility.ThingShape",
                  "EntityName" : "Git.Utility.ThingShape",
                  "EntityType" : "DynamicThingShapes",
                  "Id" : "fdbbc3c8-b28a-498b-b2d9-e3005f42c2b0",
                  "Services" : [ {
                    "APIMethod" : "post",
                    "Characteristic" : "Services",
                    "Id" : "cc1be063-00ec-4811-8426-47048c1188fe",
                    "Name" : "ExportProjectEntities",
                    "Parameters" : { },
                    "Properties" : {
                      "CustomSuccessMessage" : "Successfully exported entities!",
                      "ShowSuccessMessage" : true
                    },
                    "RefreshInterval" : 0,
                    "Target" : "ExportProjectEntities"
                  } ]
                },
                "Session" : {
                  "DataName" : "Session",
                  "EntityName" : "",
                  "EntityType" : "Session",
                  "Id" : "session",
                  "Services" : [ {
                    "APIMethod" : "post",
                    "Characteristic" : "Services",
                    "Id" : "SessionInterface",
                    "Name" : "GetGlobalSessionValues",
                    "Parameters" : { },
                    "RefreshInterval" : 0,
                    "Target" : "GetGlobalSessionValues"
                  } ]
                },
                "Things_GIT.Utility.Thing" : {
                  "DataName" : "Things_GIT.Utility.Thing",
                  "EntityName" : "GIT.Utility.Thing",
                  "EntityType" : "Things",
                  "Id" : "44678346-a9d6-4423-a914-f46e88a760e7",
                  "Services" : [ {
                    "APIMethod" : "post",
                    "Characteristic" : "Services",
                    "Id" : "185d274d-1d59-451d-9932-cef3f9e3c565",
                    "Name" : "GetProjectEntities",
                    "Parameters" : { },
                    "RefreshInterval" : 0,
                    "Target" : "GetProjectEntities"
                  }, {
                    "APIMethod" : "post",
                    "Characteristic" : "Services",
                    "Id" : "51c05992-c02c-4c5e-870b-ae93f1727797",
                    "Name" : "AddEntitiesToExportList",
                    "Parameters" : { },
                    "RefreshInterval" : 0,
                    "Target" : "AddEntitiesToExportList"
                  }, {
                    "APIMethod" : "post",
                    "Characteristic" : "Services",
                    "Id" : "306b365f-80f7-477f-acb3-c628fbe3f123",
                    "Name" : "RemoveEntitiesFromExportList",
                    "Parameters" : { },
                    "RefreshInterval" : 0,
                    "Target" : "RemoveEntitiesFromExportList"
                  }, {
                    "APIMethod" : "post",
                    "Characteristic" : "Services",
                    "Id" : "73af28af-7cf2-4344-a938-2815e10ef83e",
                    "Name" : "GetProjectEntities1",
                    "Parameters" : { },
                    "RefreshInterval" : 0,
                    "Target" : "GetProjectEntities"
                  }, {
                    "APIMethod" : "post",
                    "Characteristic" : "Services",
                    "Id" : "d28e18e2-094a-4cd6-8519-787124bd619a",
                    "Name" : "GetEmptyInfotable",
                    "Parameters" : { },
                    "RefreshInterval" : 0,
                    "Target" : "GetEmptyInfotable"
                  } ]
                },
                "UserExtensions" : {
                  "DataName" : "UserExtensions",
                  "EntityName" : "",
                  "EntityType" : "UserExtensions",
                  "Id" : "UserExtensions",
                  "Services" : [ {
                    "APIMethod" : "post",
                    "Characteristic" : "Services",
                    "Id" : "UserExtensionInterface",
                    "Name" : "GetCurrentUserExtensionProperties",
                    "Parameters" : { },
                    "RefreshInterval" : 0,
                    "Target" : "GetCurrentUserExtensionProperties"
                  } ]
                }
              },
              "DataBindings" : [ {
                "Id" : "fbd1f304-d6b3-409b-ae3a-1d6e29b524e4",
                "PropertyMaps" : [ {
                  "SourceProperty" : "Project",
                  "SourcePropertyBaseType" : "STRING",
                  "TargetProperty" : "project",
                  "TargetPropertyBaseType" : "STRING",
                  "TargetPropertyType" : "Parameter"
                } ],
                "SourceArea" : "Mashup",
                "SourceId" : "mashup-root",
                "SourceSection" : "",
                "TargetArea" : "Data",
                "TargetId" : "GetProjectEntities",
                "TargetSection" : "Things_GIT.Utility.Thing"
              }, {
                "Id" : "04bdde94-d91a-42f1-8d10-fd4014bb4447",
                "PropertyMaps" : [ {
                  "SourceProperty" : "Project",
                  "SourcePropertyBaseType" : "STRING",
                  "SourcePropertyType" : "Property",
                  "TargetProperty" : "Text",
                  "TargetPropertyBaseType" : "STRING",
                  "TargetPropertyType" : "property"
                } ],
                "SourceArea" : "Mashup",
                "SourceId" : "mashup-root",
                "SourceSection" : "",
                "TargetArea" : "UI",
                "TargetId" : "label-16",
                "TargetSection" : ""
              }, {
                "Id" : "3a0a6020-a516-44f9-929e-a84968900f6c",
                "PropertyMaps" : [ {
                  "SourceProperty" : "EntitiesToExport",
                  "SourcePropertyBaseType" : "INFOTABLE",
                  "TargetProperty" : "existingEntities",
                  "TargetPropertyBaseType" : "INFOTABLE",
                  "TargetPropertyType" : "Parameter"
                } ],
                "SourceArea" : "Mashup",
                "SourceId" : "mashup-root",
                "SourceSection" : "",
                "TargetArea" : "Data",
                "TargetId" : "AddEntitiesToExportList",
                "TargetSection" : "Things_GIT.Utility.Thing"
              }, {
                "Id" : "cc826c13-cbea-410c-a6df-a408c2e401a5",
                "PropertyMaps" : [ {
                  "SourceProperty" : "",
                  "SourcePropertyBaseType" : "INFOTABLE",
                  "TargetProperty" : "newEntitiesToExport",
                  "TargetPropertyBaseType" : "INFOTABLE",
                  "TargetPropertyType" : "Parameter"
                } ],
                "SourceArea" : "Data",
                "SourceDetails" : "SelectedRows",
                "SourceId" : "GetProjectEntities",
                "SourceSection" : "Things_GIT.Utility.Thing",
                "TargetArea" : "Data",
                "TargetId" : "AddEntitiesToExportList",
                "TargetSection" : "Things_GIT.Utility.Thing"
              }, {
                "Id" : "1d1a33e0-7e60-49f9-bdd7-96045334b163",
                "PropertyMaps" : [ {
                  "SourceProperty" : "EntitiesToExport",
                  "SourcePropertyBaseType" : "INFOTABLE",
                  "SourcePropertyType" : "Property",
                  "TargetProperty" : "Data",
                  "TargetPropertyBaseType" : "INFOTABLE",
                  "TargetPropertyType" : "property"
                } ],
                "SourceArea" : "Mashup",
                "SourceId" : "mashup-root",
                "SourceSection" : "",
                "TargetArea" : "UI",
                "TargetId" : "dhxgrid-10",
                "TargetSection" : ""
              }, {
                "Id" : "01672526-21a8-4181-b797-17f79ee3b1f1",
                "PropertyMaps" : [ {
                  "SourceProperty" : "Text",
                  "SourcePropertyBaseType" : "STRING",
                  "TargetProperty" : "entityName",
                  "TargetPropertyBaseType" : "STRING",
                  "TargetPropertyType" : "Parameter"
                } ],
                "SourceArea" : "UI",
                "SourceId" : "textbox-17",
                "SourceSection" : "",
                "TargetArea" : "Data",
                "TargetId" : "GetProjectEntities",
                "TargetSection" : "Things_GIT.Utility.Thing"
              }, {
                "Id" : "152926e8-4330-482b-a4eb-276d6c5b97f8",
                "PropertyMaps" : [ {
                  "SourceProperty" : "EntitiesToExport",
                  "SourcePropertyBaseType" : "INFOTABLE",
                  "TargetProperty" : "existingEntities",
                  "TargetPropertyBaseType" : "INFOTABLE",
                  "TargetPropertyType" : "Parameter"
                } ],
                "SourceArea" : "Mashup",
                "SourceDetails" : "AllData",
                "SourceId" : "mashup-root",
                "SourceSection" : "",
                "TargetArea" : "Data",
                "TargetId" : "RemoveEntitiesFromExportList",
                "TargetSection" : "Things_GIT.Utility.Thing"
              }, {
                "Id" : "a6a48d3b-0538-4270-aeb9-bbebf22b6ec9",
                "PropertyMaps" : [ {
                  "SourceProperty" : "",
                  "SourcePropertyBaseType" : "INFOTABLE",
                  "SourcePropertyType" : "InfoTable",
                  "TargetProperty" : "Input1",
                  "TargetPropertyBaseType" : "INFOTABLE",
                  "TargetPropertyType" : "property"
                } ],
                "SourceArea" : "Data",
                "SourceDetails" : "AllData",
                "SourceId" : "AddEntitiesToExportList",
                "SourceSection" : "Things_GIT.Utility.Thing",
                "TargetArea" : "UI",
                "TargetId" : "eventsrouter-20",
                "TargetSection" : ""
              }, {
                "Id" : "6714f0a1-d9c3-4acf-8486-915cfe39962c",
                "PropertyMaps" : [ {
                  "SourceProperty" : "",
                  "SourcePropertyBaseType" : "INFOTABLE",
                  "SourcePropertyType" : "InfoTable",
                  "TargetProperty" : "Input2",
                  "TargetPropertyBaseType" : "INFOTABLE",
                  "TargetPropertyType" : "property"
                } ],
                "SourceArea" : "Data",
                "SourceDetails" : "AllData",
                "SourceId" : "RemoveEntitiesFromExportList",
                "SourceSection" : "Things_GIT.Utility.Thing",
                "TargetArea" : "UI",
                "TargetId" : "eventsrouter-20",
                "TargetSection" : ""
              }, {
                "Id" : "ab877530-071b-43d1-a266-341694e631b5",
                "PropertyMaps" : [ {
                  "SourceProperty" : "Output",
                  "SourcePropertyBaseType" : "INFOTABLE",
                  "TargetProperty" : "EntitiesToExport",
                  "TargetPropertyBaseType" : "INFOTABLE"
                } ],
                "SourceArea" : "UI",
                "SourceId" : "eventsrouter-20",
                "SourceSection" : "",
                "TargetArea" : "Mashup",
                "TargetId" : "mashup-root",
                "TargetSection" : ""
              }, {
                "Id" : "050c057b-074e-4871-94ce-130fdb6fd1d9",
                "PropertyMaps" : [ {
                  "SourceProperty" : "EntitiesToExport",
                  "SourcePropertyBaseType" : "INFOTABLE",
                  "TargetProperty" : "entitiesToRemove",
                  "TargetPropertyBaseType" : "INFOTABLE"
                } ],
                "SourceArea" : "Mashup",
                "SourceDetails" : "SelectedRows",
                "SourceId" : "mashup-root",
                "SourceSection" : "",
                "TargetArea" : "Data",
                "TargetId" : "RemoveEntitiesFromExportList",
                "TargetSection" : "Things_GIT.Utility.Thing"
              }, {
                "Id" : "1f353740-8778-4368-986a-3d19700cb5f6",
                "PropertyMaps" : [ {
                  "SourceProperty" : "",
                  "SourcePropertyBaseType" : "INFOTABLE",
                  "SourcePropertyType" : "InfoTable",
                  "TargetProperty" : "Data",
                  "TargetPropertyBaseType" : "INFOTABLE",
                  "TargetPropertyType" : "property"
                } ],
                "SourceArea" : "Data",
                "SourceDetails" : "AllData",
                "SourceId" : "GetProjectEntities",
                "SourceSection" : "Things_GIT.Utility.Thing",
                "TargetArea" : "UI",
                "TargetId" : "gridadvanced-22",
                "TargetSection" : ""
              }, {
                "Id" : "087555db-c9fa-49fd-9f08-a1c00f34295b",
                "PropertyMaps" : [ {
                  "SourceProperty" : "Project",
                  "SourcePropertyBaseType" : "STRING",
                  "TargetProperty" : "project",
                  "TargetPropertyBaseType" : "STRING",
                  "TargetPropertyType" : "Parameter"
                } ],
                "SourceArea" : "Mashup",
                "SourceId" : "mashup-root",
                "SourceSection" : "",
                "TargetArea" : "Data",
                "TargetId" : "GetProjectEntities1",
                "TargetSection" : "Things_GIT.Utility.Thing"
              }, {
                "Id" : "a334e035-2fee-4d6e-b86b-141c2fe6f58d",
                "PropertyMaps" : [ {
                  "SourceProperty" : "",
                  "SourcePropertyBaseType" : "INFOTABLE",
                  "SourcePropertyType" : "InfoTable",
                  "TargetProperty" : "Input1",
                  "TargetPropertyBaseType" : "INFOTABLE",
                  "TargetPropertyType" : "property"
                } ],
                "SourceArea" : "Data",
                "SourceDetails" : "AllData",
                "SourceId" : "GetProjectEntities1",
                "SourceSection" : "Things_GIT.Utility.Thing",
                "TargetArea" : "UI",
                "TargetId" : "eventsrouter-23",
                "TargetSection" : ""
              }, {
                "Id" : "ea6e3ae3-fe61-4e62-a24f-3e2d231be484",
                "PropertyMaps" : [ {
                  "SourceProperty" : "Output",
                  "SourcePropertyBaseType" : "INFOTABLE",
                  "SourcePropertyType" : "Property",
                  "TargetProperty" : "SelectedRows",
                  "TargetPropertyBaseType" : "INFOTABLE",
                  "TargetPropertyType" : "property"
                } ],
                "SourceArea" : "UI",
                "SourceId" : "eventsrouter-23",
                "SourceSection" : "",
                "TargetArea" : "UI",
                "TargetId" : "gridadvanced-22",
                "TargetSection" : ""
              }, {
                "Id" : "10a1ef49-2592-4ecb-9de0-d7ad0c453911",
                "PropertyMaps" : [ {
                  "SourceProperty" : "",
                  "SourcePropertyBaseType" : "INFOTABLE",
                  "SourcePropertyType" : "InfoTable",
                  "TargetProperty" : "Input2",
                  "TargetPropertyBaseType" : "INFOTABLE",
                  "TargetPropertyType" : "property"
                } ],
                "SourceArea" : "Data",
                "SourceDetails" : "AllData",
                "SourceId" : "GetEmptyInfotable",
                "SourceSection" : "Things_GIT.Utility.Thing",
                "TargetArea" : "UI",
                "TargetId" : "eventsrouter-23",
                "TargetSection" : ""
              }, {
                "Id" : "5178151c-0c56-4e73-bbf5-c1af6904e743",
                "PropertyMaps" : [ {
                  "SourceProperty" : "GitThing",
                  "SourcePropertyBaseType" : "STRING",
                  "TargetProperty" : "value",
                  "TargetPropertyBaseType" : "THINGNAME",
                  "TargetPropertyType" : "Entity"
                } ],
                "SourceArea" : "Mashup",
                "SourceId" : "mashup-root",
                "SourceSection" : "",
                "TargetArea" : "Data",
                "TargetId" : "EntityName",
                "TargetSection" : "DynamicThingShapes_Git.Utility.ThingShape"
              }, {
                "Id" : "3ed0f3d6-d2e4-4660-830c-58367a85ae1b",
                "PropertyMaps" : [ {
                  "SourceProperty" : "EntitiesToExport",
                  "SourcePropertyBaseType" : "INFOTABLE",
                  "TargetProperty" : "EntitiesToExport",
                  "TargetPropertyBaseType" : "INFOTABLE",
                  "TargetPropertyType" : "Parameter"
                } ],
                "SourceArea" : "Mashup",
                "SourceId" : "mashup-root",
                "SourceSection" : "",
                "TargetArea" : "Data",
                "TargetId" : "ExportProjectEntities",
                "TargetSection" : "DynamicThingShapes_Git.Utility.ThingShape"
              }, {
                "Id" : "46bb06bc-9926-4aca-8606-d08f46deec27",
                "PropertyMaps" : [ {
                  "SourceProperty" : "Project",
                  "SourcePropertyBaseType" : "STRING",
                  "TargetProperty" : "ProjectName",
                  "TargetPropertyBaseType" : "STRING",
                  "TargetPropertyType" : "Parameter"
                } ],
                "SourceArea" : "Mashup",
                "SourceId" : "mashup-root",
                "SourceSection" : "",
                "TargetArea" : "Data",
                "TargetId" : "ExportProjectEntities",
                "TargetSection" : "DynamicThingShapes_Git.Utility.ThingShape"
              }, {
                "Id" : "5d2f46e3-5cec-4aa3-8c51-88623ed94274",
                "PropertyMaps" : [ {
                  "SourceProperty" : "ExportDependents",
                  "SourcePropertyBaseType" : "BOOLEAN",
                  "TargetProperty" : "includeDependents",
                  "TargetPropertyBaseType" : "BOOLEAN",
                  "TargetPropertyType" : "Parameter"
                } ],
                "SourceArea" : "Mashup",
                "SourceId" : "mashup-root",
                "SourceSection" : "",
                "TargetArea" : "Data",
                "TargetId" : "ExportProjectEntities",
                "TargetSection" : "DynamicThingShapes_Git.Utility.ThingShape"
              } ],
              "DesignTimePermissions" : {
                "Create" : [ ],
                "Delete" : [ ],
                "Metadata" : [ ],
                "Read" : [ ],
                "Update" : [ ]
              },
              "Events" : [ {
                "EventHandlerArea" : "Data",
                "EventHandlerId" : "Things_GIT.Utility.Thing",
                "EventHandlerService" : "GetProjectEntities",
                "EventTriggerArea" : "Mashup",
                "EventTriggerEvent" : "Loaded",
                "EventTriggerId" : "mashup-root",
                "EventTriggerSection" : "",
                "Id" : "11bc1483-9233-4532-a839-9f8cd2e2be98"
              }, {
                "EventHandlerArea" : "Data",
                "EventHandlerId" : "Things_GIT.Utility.Thing",
                "EventHandlerService" : "AddEntitiesToExportList",
                "EventTriggerArea" : "UI",
                "EventTriggerEvent" : "Clicked",
                "EventTriggerId" : "button-8",
                "EventTriggerSection" : "",
                "Id" : "429c768b-6e2f-450b-b0cf-5ccfa07d9a6b"
              }, {
                "EventHandlerArea" : "Data",
                "EventHandlerId" : "Things_GIT.Utility.Thing",
                "EventHandlerService" : "GetProjectEntities",
                "EventTriggerArea" : "UI",
                "EventTriggerEvent" : "EnterKeyPressed",
                "EventTriggerId" : "textbox-17",
                "EventTriggerSection" : "",
                "Id" : "1a796c61-dfa6-4211-acf4-58c280c361ca"
              }, {
                "EventHandlerArea" : "UI",
                "EventHandlerId" : "textbox-17",
                "EventHandlerService" : "ResetToDefaultValue",
                "EventTriggerArea" : "UI",
                "EventTriggerEvent" : "Clicked",
                "EventTriggerId" : "button-18",
                "EventTriggerSection" : "",
                "Id" : "f2f8aa34-25ec-434b-a48e-2ec05a305ac2"
              }, {
                "EventHandlerArea" : "Data",
                "EventHandlerId" : "Things_GIT.Utility.Thing",
                "EventHandlerService" : "GetProjectEntities",
                "EventTriggerArea" : "UI",
                "EventTriggerEvent" : "Clicked",
                "EventTriggerId" : "button-18",
                "EventTriggerSection" : "",
                "Id" : "92706f29-b193-481f-9497-4f6c4b084a84"
              }, {
                "EventHandlerArea" : "Data",
                "EventHandlerId" : "Things_GIT.Utility.Thing",
                "EventHandlerService" : "RemoveEntitiesFromExportList",
                "EventTriggerArea" : "UI",
                "EventTriggerEvent" : "Clicked",
                "EventTriggerId" : "button-9",
                "EventTriggerSection" : "",
                "Id" : "60950fd7-2c94-46fa-9df5-784a85bb0928"
              }, {
                "EventHandlerArea" : "Data",
                "EventHandlerId" : "Things_GIT.Utility.Thing",
                "EventHandlerService" : "GetProjectEntities1",
                "EventTriggerArea" : "UI",
                "EventTriggerEvent" : "Clicked",
                "EventTriggerId" : "button-24",
                "EventTriggerSection" : "",
                "Id" : "0b904c19-155a-4891-9ff7-6e91fc062692"
              }, {
                "EventHandlerArea" : "Data",
                "EventHandlerId" : "Things_GIT.Utility.Thing",
                "EventHandlerService" : "GetEmptyInfotable",
                "EventTriggerArea" : "UI",
                "EventTriggerEvent" : "Clicked",
                "EventTriggerId" : "button-25",
                "EventTriggerSection" : "",
                "Id" : "7127ee78-750f-4fd9-89e9-fc70cea9672b"
              }, {
                "EventHandlerArea" : "Data",
                "EventHandlerId" : "DynamicThingShapes_Git.Utility.ThingShape",
                "EventHandlerService" : "ExportProjectEntities",
                "EventTriggerArea" : "UI",
                "EventTriggerEvent" : "Clicked",
                "EventTriggerId" : "button-28",
                "EventTriggerSection" : "",
                "Id" : "46b177a0-b686-4388-8f25-b749bcfa52b5"
              }, {
                "EventHandlerArea" : "Mashup",
                "EventHandlerId" : "mashup-root",
                "EventHandlerService" : "CloseIfPopup",
                "EventTriggerArea" : "Data",
                "EventTriggerEvent" : "ServiceInvokeCompleted",
                "EventTriggerId" : "ExportProjectEntities",
                "EventTriggerSection" : "DynamicThingShapes_Git.Utility.ThingShape",
                "Id" : "445b1a53-e523-49fc-8f04-b40edb96d103"
              } ],
              "RunTimePermissions" : {
                "permissions" : [ ]
              },
              "UI" : {
                "Properties" : {
                  "AddToDashboardButton" : "SimplePlus",
                  "AddToDashboardButtonStyle" : "DefaultAddToDashboardButtonStyle",
                  "Area" : "Mashup",
                  "BGImage" : "",
                  "BGImageRepeat" : "no-repeat",
                  "BGImageSize" : "auto",
                  "Columns" : 0,
                  "ConfigureGadgetButton" : "SimpleGear",
                  "ConfigureGadgetButtonStyle" : "DefaultConfigureGadgetButtonStyle",
                  "DisplayName" : "Mashup",
                  "EnableParameterEditing" : false,
                  "ExportDependents" : false,
                  "Height" : 618,
                  "Id" : "mashup-root",
                  "IgnoreWarningsInViewMashup" : false,
                  "IsPrintLayout" : false,
                  "Left" : 0,
                  "MashupToEditGadget" : "DefaultMashupToEditGadget",
                  "MinHeight" : 0,
                  "MinWidth" : 0,
                  "ResponsiveLayout" : true,
                  "Rows" : 0,
                  "ShowDataLoading" : true,
                  "Style" : "DefaultMashupStyle",
                  "StyleTheme" : "PTC Convergence Theme",
                  "Title" : "",
                  "TitleBar" : false,
                  "TitleBarStyle" : "DefaultTitleBarStyle",
                  "TitleBarText" : "Gadget Title Here",
                  "Top" : 0,
                  "Type" : "mashup",
                  "UseMasterTheme" : false,
                  "UseTheme" : false,
                  "UseThemeForHybrids" : false,
                  "Visible" : true,
                  "Width" : 1024,
                  "Z-index" : 10,
                  "__TypeDisplayName" : "Mashup",
                  "_currentParameterDefs" : [ {
                    "Aspects" : {
                      "bindingDirection" : "BOTH",
                      "dataShape" : "SpotlightSearch",
                      "isMandatory" : false
                    },
                    "BaseType" : "INFOTABLE",
                    "Description" : "",
                    "ParameterName" : "EntitiesToExport"
                  }, {
                    "Aspects" : {
                      "bindingDirection" : "IN",
                      "isMandatory" : false
                    },
                    "BaseType" : "STRING",
                    "Description" : "",
                    "ParameterName" : "Project"
                  }, {
                    "Aspects" : {
                      "bindingDirection" : "IN",
                      "isMandatory" : false
                    },
                    "BaseType" : "STRING",
                    "Description" : "",
                    "ParameterName" : "GitThing"
                  }, {
                    "Aspects" : {
                      "bindingDirection" : "IN",
                      "isMandatory" : false
                    },
                    "BaseType" : "BOOLEAN",
                    "DefaultValue" : false,
                    "Description" : "",
                    "ParameterName" : "ExportDependents"
                  } ],
                  "id_index" : 28,
                  "supportsAutoResize" : true
                },
                "Widgets" : [ {
                  "Properties" : {
                    "Area" : "UI",
                    "Columns" : 3,
                    "DisplayName" : "layout-2",
                    "Footer" : false,
                    "FooterHeight" : 0,
                    "Header" : false,
                    "HeaderHeight" : 0,
                    "Id" : "layout-2",
                    "IncludeSpacingInFixedAreas" : false,
                    "IsPrintLayout" : false,
                    "LastContainer" : false,
                    "Left" : 240,
                    "LeftSidebar" : false,
                    "LeftSidebarWidth" : 0,
                    "Orientation" : "horizontal",
                    "PctColumn1" : 45,
                    "PctColumn2" : 10,
                    "PctColumn3" : 45,
                    "PctColumn4" : 1,
                    "PctColumn5" : 1,
                    "PctColumn6" : 1,
                    "PctColumn7" : 1,
                    "PctColumn8" : 1,
                    "PctRow1" : 50,
                    "PctRow2" : 50,
                    "PctRow3" : 0,
                    "PctRow4" : 0,
                    "PctRow5" : 0,
                    "PctRow6" : 0,
                    "PctRow7" : 0,
                    "PctRow8" : 0,
                    "PrintMarginLeftRight" : 0.5,
                    "PrintMarginTopBottom" : 0.5,
                    "PrintWidth" : 650,
                    "ResponsiveLayout" : true,
                    "RightSidebar" : false,
                    "RightSidebarWidth" : 0,
                    "Rows" : 0,
                    "ShowDataLoading" : true,
                    "Spacing" : 2,
                    "Top" : 95,
                    "Type" : "layout",
                    "Visible" : true,
                    "Z-index" : 10,
                    "__TypeDisplayName" : "Layout"
                  },
                  "Widgets" : [ {
                    "Properties" : {
                      "AnimateExpandCollapse" : true,
                      "Area" : "UI",
                      "BGImageRepeat" : "no-repeat",
                      "BGImageSize" : "auto",
                      "DisplayName" : "Column 1",
                      "ExpandCollapseTabLocation" : "outside",
                      "Expanded" : true,
                      "Id" : "container-3",
                      "LastContainer" : false,
                      "MinHeight" : 0,
                      "MinWidth" : 0,
                      "Overlay" : false,
                      "OverlayIsTransparent" : false,
                      "ResponsiveLayout" : true,
                      "ShowDataLoading" : true,
                      "ShowExpandCollapseTab" : false,
                      "Style" : "DefaultContainerStyle",
                      "TabCollapseStyle" : "DefaultTabCollapseStyle",
                      "TabExpandStyle" : "DefaultTabExpandStyle",
                      "TabHeight" : 36,
                      "TabLocation" : "center",
                      "TabOffset" : 0,
                      "TabWidth" : 36,
                      "Type" : "container",
                      "Visible" : true,
                      "Z-index" : 10,
                      "__TypeDisplayName" : "Container",
                      "userCannotRemove" : true
                    },
                    "Widgets" : [ {
                      "Properties" : {
                        "Area" : "UI",
                        "Columns" : 0,
                        "DisplayName" : "layout-11",
                        "Footer" : false,
                        "FooterHeight" : 0,
                        "Header" : true,
                        "HeaderHeight" : 50,
                        "Id" : "layout-11",
                        "IncludeSpacingInFixedAreas" : false,
                        "IsPrintLayout" : false,
                        "LastContainer" : false,
                        "Left" : 165,
                        "LeftSidebar" : false,
                        "LeftSidebarWidth" : 0,
                        "Orientation" : "vertical",
                        "PctColumn1" : 50,
                        "PctColumn2" : 50,
                        "PctColumn3" : 1,
                        "PctColumn4" : 1,
                        "PctColumn5" : 1,
                        "PctColumn6" : 1,
                        "PctColumn7" : 1,
                        "PctColumn8" : 1,
                        "PctRow1" : 100,
                        "PctRow2" : 0,
                        "PctRow3" : 0,
                        "PctRow4" : 0,
                        "PctRow5" : 0,
                        "PctRow6" : 0,
                        "PctRow7" : 0,
                        "PctRow8" : 0,
                        "PrintMarginLeftRight" : 0.5,
                        "PrintMarginTopBottom" : 0.5,
                        "PrintWidth" : 650,
                        "ResponsiveLayout" : true,
                        "RightSidebar" : false,
                        "RightSidebarWidth" : 0,
                        "Rows" : 1,
                        "ShowDataLoading" : true,
                        "Spacing" : 0,
                        "Top" : 105,
                        "Type" : "layout",
                        "Visible" : true,
                        "Z-index" : 10,
                        "__TypeDisplayName" : "Layout"
                      },
                      "Widgets" : [ {
                        "Properties" : {
                          "AnimateExpandCollapse" : true,
                          "Area" : "UI",
                          "BGImageRepeat" : "no-repeat",
                          "BGImageSize" : "auto",
                          "DisplayName" : "Header",
                          "ExpandCollapseTabLocation" : "outside",
                          "Expanded" : true,
                          "Id" : "container-12",
                          "LastContainer" : false,
                          "MinHeight" : 0,
                          "MinWidth" : 0,
                          "Overlay" : false,
                          "OverlayIsTransparent" : false,
                          "ResponsiveLayout" : true,
                          "ShowDataLoading" : true,
                          "ShowExpandCollapseTab" : false,
                          "Style" : "DefaultContainerStyle",
                          "TabCollapseStyle" : "DefaultTabCollapseStyle",
                          "TabExpandStyle" : "DefaultTabExpandStyle",
                          "TabHeight" : 36,
                          "TabLocation" : "center",
                          "TabOffset" : 0,
                          "TabWidth" : 36,
                          "Type" : "container",
                          "Visible" : true,
                          "Z-index" : 10,
                          "__TypeDisplayName" : "Container",
                          "userCannotRemove" : true
                        },
                        "Widgets" : [ {
                          "Properties" : {
                            "Area" : "UI",
                            "ContainerClass" : "",
                            "DisplayName" : "panel-14",
                            "Height" : 200,
                            "HideScrollbars" : false,
                            "HorizontalAnchor" : "left",
                            "Id" : "panel-14",
                            "LastContainer" : false,
                            "Left" : 40,
                            "ResponsiveLayout" : true,
                            "ShowDataLoading" : true,
                            "Style" : {
                              "backgroundColor" : "",
                              "displayString" : "",
                              "fontEmphasisBold" : false,
                              "fontEmphasisItalic" : false,
                              "fontEmphasisUnderline" : false,
                              "foregroundColor" : "",
                              "image" : "",
                              "lineColor" : "",
                              "lineStyle" : "solid",
                              "lineThickness" : 1,
                              "secondaryBackgroundColor" : "",
                              "textSize" : "normal"
                            },
                            "Top" : 10,
                            "Type" : "panel",
                            "VerticalAnchor" : "top",
                            "Visible" : true,
                            "Width" : 300,
                            "Z-index" : 10,
                            "__TypeDisplayName" : "Panel"
                          },
                          "Widgets" : [ {
                            "Properties" : {
                              "Alignment" : "left",
                              "AllowEllipsis" : false,
                              "Area" : "UI",
                              "DisplayName" : "label-15",
                              "Height" : 22,
                              "Id" : "label-15",
                              "LastContainer" : false,
                              "Left" : 6,
                              "ResponsiveLayout" : false,
                              "ShowDataLoading" : true,
                              "Style" : "DefaultLabelStyle",
                              "Text" : "Entities from Project: ",
                              "ToolTipField" : "",
                              "ToolTipStyle" : "DefaultTooltipStyle",
                              "Top" : 1,
                              "Type" : "label",
                              "Visible" : true,
                              "Width" : 125,
                              "Z-index" : 10,
                              "__TypeDisplayName" : "Label",
                              "__supportsTooltip" : true
                            },
                            "Widgets" : [ ]
                          }, {
                            "Properties" : {
                              "Alignment" : "left",
                              "AllowEllipsis" : false,
                              "Area" : "UI",
                              "DisplayName" : "lb_ProjectName",
                              "Height" : 22,
                              "Id" : "label-16",
                              "LastContainer" : false,
                              "Left" : 146,
                              "ResponsiveLayout" : false,
                              "ShowDataLoading" : true,
                              "Style" : "DefaultLabelStyle",
                              "Text" : "",
                              "ToolTipField" : "",
                              "ToolTipStyle" : "DefaultTooltipStyle",
                              "Top" : 1,
                              "Type" : "label",
                              "Visible" : true,
                              "Width" : 125,
                              "Z-index" : 10,
                              "__TypeDisplayName" : "Label",
                              "__supportsTooltip" : true
                            },
                            "Widgets" : [ ]
                          }, {
                            "Properties" : {
                              "Area" : "UI",
                              "CursorPosition" : 0,
                              "CustomClass" : "has-text textbox-shadow",
                              "DefaultTextboxFocusStyle" : "DefaultFocusStyle",
                              "DisplayName" : "tb_SearchEntity",
                              "Height" : 23,
                              "Id" : "textbox-17",
                              "InnerShadow" : true,
                              "Label" : "",
                              "LabelAlignment" : "left",
                              "LastContainer" : false,
                              "Left" : 6,
                              "MaskInputCharacters" : false,
                              "PlaceholderText" : "Search file",
                              "ReadOnly" : false,
                              "ResponsiveLayout" : false,
                              "ShowDataLoading" : true,
                              "Style" : "DefaultTextBoxStyle",
                              "TabSequence" : 0,
                              "Text" : "",
                              "TextAlign" : "left",
                              "TextboxLabelStyle" : "DefaultWidgetLabelStyle",
                              "ToolTipField" : "",
                              "ToolTipStyle" : "DefaultTooltipStyle",
                              "Top" : 23,
                              "Type" : "textbox",
                              "Visible" : true,
                              "Width" : 200,
                              "Z-index" : 10,
                              "__TypeDisplayName" : "TextBox",
                              "__supportsLabel" : true,
                              "__supportsTooltip" : true
                            },
                            "Widgets" : [ ]
                          }, {
                            "Properties" : {
                              "ActiveStyle" : {
                                "backgroundColor" : "#c0c0c0",
                                "displayString" : "",
                                "fontEmphasisBold" : false,
                                "fontEmphasisItalic" : false,
                                "fontEmphasisUnderline" : false,
                                "foregroundColor" : "",
                                "image" : "GIT.RefreshIconHover.ME",
                                "lineColor" : "",
                                "lineStyle" : "solid",
                                "lineThickness" : 0,
                                "secondaryBackgroundColor" : "#cdcdcd",
                                "textSize" : "normal"
                              },
                              "Area" : "UI",
                              "CancelConfirmationButton" : "button2",
                              "ConfirmationButton1Label" : "Yes",
                              "ConfirmationButton2Label" : "No",
                              "ConfirmationPrompt" : "Do Action?",
                              "ConfirmationRequired" : false,
                              "ConfirmationTitle" : "Confirm Action",
                              "ContextId" : "",
                              "CustomClass" : "btn-icon-only white-btn",
                              "DefaultConfirmationButton" : "button1",
                              "Disabled" : false,
                              "DisabledStyle" : "DefaultButtonDisabledStyle",
                              "DisplayName" : "btn_Reset",
                              "FocusStyle" : {
                                "backgroundColor" : "#808080",
                                "displayString" : "",
                                "fontEmphasisBold" : false,
                                "fontEmphasisItalic" : false,
                                "fontEmphasisUnderline" : false,
                                "foregroundColor" : "",
                                "image" : "GIT.RefreshIcon.ME",
                                "lineColor" : "",
                                "lineStyle" : "solid",
                                "lineThickness" : 1,
                                "secondaryBackgroundColor" : "#c0c0c0",
                                "textSize" : "normal"
                              },
                              "Height" : 23,
                              "HoverStyle" : {
                                "backgroundColor" : "#d8d8d8",
                                "displayString" : "",
                                "fontEmphasisBold" : false,
                                "fontEmphasisItalic" : false,
                                "fontEmphasisUnderline" : false,
                                "foregroundColor" : "",
                                "image" : "GIT.RefreshIconHover.ME",
                                "lineColor" : "",
                                "lineStyle" : "solid",
                                "lineThickness" : 1,
                                "secondaryBackgroundColor" : "#cfcfcf",
                                "textSize" : "normal"
                              },
                              "IconAlignment" : "left",
                              "Id" : "button-18",
                              "Label" : "",
                              "LastContainer" : false,
                              "Left" : 217,
                              "ResponsiveLayout" : false,
                              "RoundedCorners" : true,
                              "ShowDataLoading" : true,
                              "SingleClickSelectOnTablets" : true,
                              "Style" : {
                                "backgroundColor" : "#c0c0c0",
                                "displayString" : "",
                                "fontEmphasisBold" : false,
                                "fontEmphasisItalic" : false,
                                "fontEmphasisUnderline" : false,
                                "foregroundColor" : "",
                                "image" : "GIT.RefreshIcon.ME",
                                "lineColor" : "",
                                "lineStyle" : "solid",
                                "lineThickness" : 1,
                                "secondaryBackgroundColor" : "#cbcbcb",
                                "textSize" : "normal"
                              },
                              "TabSequence" : 0,
                              "ToolTipField" : "",
                              "ToolTipStyle" : "DefaultTooltipStyle",
                              "Top" : 23,
                              "Type" : "button",
                              "Visible" : true,
                              "Width" : 28,
                              "Z-index" : 10,
                              "__TypeDisplayName" : "Button",
                              "__supportsTooltip" : true
                            },
                            "Widgets" : [ ]
                          }, {
                            "Properties" : {
                              "ActiveStyle" : "DefaultButtonActiveStyle",
                              "Area" : "UI",
                              "CancelConfirmationButton" : "button2",
                              "ConfirmationButton1Label" : "Yes",
                              "ConfirmationButton2Label" : "No",
                              "ConfirmationPrompt" : "Do Action?",
                              "ConfirmationRequired" : false,
                              "ConfirmationTitle" : "Confirm Action",
                              "ContextId" : "",
                              "DefaultConfirmationButton" : "button1",
                              "Disabled" : false,
                              "DisabledStyle" : "DefaultButtonDisabledStyle",
                              "DisplayName" : "btn_SelectAll",
                              "FocusStyle" : "DefaultButtonFocusStyle",
                              "Height" : 30,
                              "HoverStyle" : "DefaultButtonHoverStyle",
                              "IconAlignment" : "left",
                              "Id" : "button-24",
                              "Label" : "All",
                              "LastContainer" : false,
                              "Left" : 255,
                              "ResponsiveLayout" : false,
                              "RoundedCorners" : true,
                              "ShowDataLoading" : true,
                              "SingleClickSelectOnTablets" : true,
                              "Style" : "DefaultButtonStyle",
                              "TabSequence" : 0,
                              "ToolTipField" : "",
                              "ToolTipStyle" : "DefaultTooltipStyle",
                              "Top" : 15,
                              "Type" : "button",
                              "Visible" : true,
                              "Width" : 55,
                              "Z-index" : 10,
                              "__TypeDisplayName" : "Button",
                              "__supportsTooltip" : true
                            },
                            "Widgets" : [ ]
                          }, {
                            "Properties" : {
                              "ActiveStyle" : "DefaultButtonActiveStyle",
                              "Area" : "UI",
                              "CancelConfirmationButton" : "button2",
                              "ConfirmationButton1Label" : "Yes",
                              "ConfirmationButton2Label" : "No",
                              "ConfirmationPrompt" : "Do Action?",
                              "ConfirmationRequired" : false,
                              "ConfirmationTitle" : "Confirm Action",
                              "ContextId" : "",
                              "DefaultConfirmationButton" : "button1",
                              "Disabled" : false,
                              "DisabledStyle" : "DefaultButtonDisabledStyle",
                              "DisplayName" : "btn_SelectNone",
                              "FocusStyle" : "DefaultButtonFocusStyle",
                              "Height" : 30,
                              "HoverStyle" : "DefaultButtonHoverStyle",
                              "IconAlignment" : "left",
                              "Id" : "button-25",
                              "Label" : "None",
                              "LastContainer" : false,
                              "Left" : 319,
                              "ResponsiveLayout" : false,
                              "RoundedCorners" : true,
                              "ShowDataLoading" : true,
                              "SingleClickSelectOnTablets" : true,
                              "Style" : "DefaultButtonStyle",
                              "TabSequence" : 0,
                              "ToolTipField" : "",
                              "ToolTipStyle" : "DefaultTooltipStyle",
                              "Top" : 15,
                              "Type" : "button",
                              "Visible" : true,
                              "Width" : 55,
                              "Z-index" : 10,
                              "__TypeDisplayName" : "Button",
                              "__supportsTooltip" : true
                            },
                            "Widgets" : [ ]
                          } ]
                        } ]
                      }, {
                        "Properties" : {
                          "AnimateExpandCollapse" : true,
                          "Area" : "UI",
                          "BGImageRepeat" : "no-repeat",
                          "BGImageSize" : "auto",
                          "DisplayName" : "Row 1",
                          "ExpandCollapseTabLocation" : "outside",
                          "Expanded" : true,
                          "Id" : "container-13",
                          "LastContainer" : false,
                          "MinHeight" : 0,
                          "MinWidth" : 0,
                          "Overlay" : false,
                          "OverlayIsTransparent" : false,
                          "ResponsiveLayout" : true,
                          "ShowDataLoading" : true,
                          "ShowExpandCollapseTab" : false,
                          "Style" : "DefaultContainerStyle",
                          "TabCollapseStyle" : "DefaultTabCollapseStyle",
                          "TabExpandStyle" : "DefaultTabExpandStyle",
                          "TabHeight" : 36,
                          "TabLocation" : "center",
                          "TabOffset" : 0,
                          "TabWidth" : 36,
                          "Type" : "container",
                          "Visible" : true,
                          "Z-index" : 10,
                          "__TypeDisplayName" : "Container",
                          "userCannotRemove" : true
                        },
                        "Widgets" : [ {
                          "Properties" : {
                            "Area" : "UI",
                            "AutoScroll" : true,
                            "CellBorderStyle" : "DefaultGridAdvancedCellBorderStyle",
                            "CellValidationErrorStyle" : "DefaultGridAdvancedCellValidationErrorStyle",
                            "CellValidationErrorTooltipStyle" : "DefaultGridAdvancedCellValidationErrorTooltipStyle",
                            "ColumnFormat" : {
                              "formatInfo" : [ {
                                "Align" : "left",
                                "AllowEdit" : false,
                                "FieldName" : "name",
                                "FormatOptions" : {
                                  "FormatString" : "full",
                                  "formatInfo" : {
                                    "FieldName" : "",
                                    "StateDefinition" : "",
                                    "StateDefinitionType" : "fixed",
                                    "StateFormats" : [ {
                                      "state" : "",
                                      "stateName" : "fixed"
                                    } ]
                                  },
                                  "renderer" : "STRING",
                                  "roundingEnabled" : true
                                },
                                "Title" : "Name",
                                "Width" : "120px",
                                "headerTextAlignment" : "center",
                                "hidden" : false,
                                "inLayout" : true
                              }, {
                                "Align" : "left",
                                "AllowEdit" : false,
                                "FieldName" : "type",
                                "FormatOptions" : {
                                  "FormatString" : "full",
                                  "formatInfo" : {
                                    "FieldName" : "",
                                    "StateDefinition" : "",
                                    "StateDefinitionType" : "fixed",
                                    "StateFormats" : [ {
                                      "state" : "",
                                      "stateName" : "fixed"
                                    } ]
                                  },
                                  "renderer" : "STRING",
                                  "roundingEnabled" : true
                                },
                                "Title" : "Type",
                                "Width" : "auto",
                                "headerTextAlignment" : "center",
                                "hidden" : false,
                                "inLayout" : true
                              }, {
                                "Align" : "left",
                                "AllowEdit" : false,
                                "FieldName" : "read",
                                "FormatOptions" : {
                                  "FormatString" : "checkbox",
                                  "formatInfo" : {
                                    "FieldName" : "",
                                    "StateDefinition" : "",
                                    "StateDefinitionType" : "fixed",
                                    "StateFormats" : [ {
                                      "state" : "",
                                      "stateName" : "fixed"
                                    } ]
                                  },
                                  "renderer" : "BOOLEAN",
                                  "roundingEnabled" : true
                                },
                                "Title" : "read",
                                "Width" : "auto",
                                "headerTextAlignment" : "left",
                                "hidden" : true,
                                "inLayout" : true
                              }, {
                                "Align" : "left",
                                "AllowEdit" : false,
                                "FieldName" : "lastModifiedDate",
                                "FormatOptions" : {
                                  "FormatString" : "[[dateTimeFormat_Default]]",
                                  "formatInfo" : {
                                    "FieldName" : "",
                                    "StateDefinition" : "",
                                    "StateDefinitionType" : "fixed",
                                    "StateFormats" : [ {
                                      "state" : "",
                                      "stateName" : "fixed"
                                    } ]
                                  },
                                  "renderer" : "DATETIME",
                                  "roundingEnabled" : true
                                },
                                "Title" : "lastModifiedDate",
                                "Width" : "auto",
                                "headerTextAlignment" : "center",
                                "hidden" : false,
                                "inLayout" : true
                              }, {
                                "Align" : "left",
                                "AllowEdit" : false,
                                "EditorOptions" : {
                                  "Type" : "string",
                                  "Validators" : [ "None", "NotEmpty", "Empty", "Custom", "ValidAlphaNumeric", "ValidEmail", "ValidIPv4", "ValidSIN", "ValidSSN" ]
                                },
                                "FieldName" : "description",
                                "FormatOptions" : {
                                  "FormatString" : "full",
                                  "renderer" : "STRING"
                                },
                                "Title" : "description",
                                "ValidationExpression" : "",
                                "ValidationMessage" : "",
                                "Width" : "auto",
                                "hidden" : true,
                                "inLayout" : true
                              }, {
                                "Align" : "left",
                                "AllowEdit" : false,
                                "EditorOptions" : {
                                  "Type" : "checkbox",
                                  "Validators" : [ "None", "NotEmpty", "Empty", "Checkbox", "Custom" ]
                                },
                                "FieldName" : "update",
                                "FormatOptions" : {
                                  "FormatString" : "checkbox",
                                  "renderer" : "BOOLEAN"
                                },
                                "Title" : "update",
                                "ValidationExpression" : "",
                                "ValidationMessage" : "",
                                "Width" : "auto",
                                "hidden" : true,
                                "inLayout" : true
                              }, {
                                "Align" : "left",
                                "AllowEdit" : false,
                                "EditorOptions" : {
                                  "Type" : "checkbox",
                                  "Validators" : [ "None", "NotEmpty", "Empty", "Checkbox", "Custom" ]
                                },
                                "FieldName" : "delete",
                                "FormatOptions" : {
                                  "FormatString" : "checkbox",
                                  "renderer" : "BOOLEAN"
                                },
                                "Title" : "delete",
                                "ValidationExpression" : "",
                                "ValidationMessage" : "",
                                "Width" : "auto",
                                "hidden" : true,
                                "inLayout" : true
                              }, {
                                "Align" : "left",
                                "AllowEdit" : false,
                                "EditorOptions" : {
                                  "Type" : "string",
                                  "Validators" : [ "None", "NotEmpty", "Empty", "Custom", "ValidAlphaNumeric", "ValidEmail", "ValidIPv4", "ValidSIN", "ValidSSN" ]
                                },
                                "FieldName" : "parentType",
                                "FormatOptions" : {
                                  "FormatString" : "full",
                                  "renderer" : "STRING"
                                },
                                "Title" : "parentType",
                                "ValidationExpression" : "",
                                "ValidationMessage" : "",
                                "Width" : "auto",
                                "hidden" : true,
                                "inLayout" : true
                              }, {
                                "Align" : "left",
                                "AllowEdit" : false,
                                "EditorOptions" : {
                                  "Type" : "checkbox",
                                  "Validators" : [ "None", "NotEmpty", "Empty", "Checkbox", "Custom" ]
                                },
                                "FieldName" : "isExtension",
                                "FormatOptions" : {
                                  "FormatString" : "checkbox",
                                  "renderer" : "BOOLEAN"
                                },
                                "Title" : "isExtension",
                                "ValidationExpression" : "",
                                "ValidationMessage" : "",
                                "Width" : "auto",
                                "hidden" : true,
                                "inLayout" : true
                              }, {
                                "Align" : "left",
                                "AllowEdit" : false,
                                "EditorOptions" : {
                                  "Type" : "checkbox",
                                  "Validators" : [ "None", "NotEmpty", "Empty", "Checkbox", "Custom" ]
                                },
                                "FieldName" : "isSystemObject",
                                "FormatOptions" : {
                                  "FormatString" : "checkbox",
                                  "renderer" : "BOOLEAN"
                                },
                                "Title" : "isSystemObject",
                                "ValidationExpression" : "",
                                "ValidationMessage" : "",
                                "Width" : "auto",
                                "hidden" : true,
                                "inLayout" : true
                              }, {
                                "Align" : "left",
                                "AllowEdit" : false,
                                "EditorOptions" : {
                                  "Type" : "string",
                                  "Validators" : [ "None", "NotEmpty", "Empty", "Custom", "ValidAlphaNumeric", "ValidEmail", "ValidIPv4", "ValidSIN", "ValidSSN" ]
                                },
                                "FieldName" : "parentName",
                                "FormatOptions" : {
                                  "FormatString" : "full",
                                  "renderer" : "STRING"
                                },
                                "Title" : "parentName",
                                "ValidationExpression" : "",
                                "ValidationMessage" : "",
                                "Width" : "auto",
                                "hidden" : true,
                                "inLayout" : true
                              }, {
                                "Align" : "left",
                                "AllowEdit" : false,
                                "EditorOptions" : {
                                  "Type" : "checkbox",
                                  "Validators" : [ "None", "NotEmpty", "Empty", "Checkbox", "Custom" ]
                                },
                                "FieldName" : "isEditable",
                                "FormatOptions" : {
                                  "FormatString" : "checkbox",
                                  "renderer" : "BOOLEAN"
                                },
                                "Title" : "isEditable",
                                "ValidationExpression" : "",
                                "ValidationMessage" : "",
                                "Width" : "auto",
                                "hidden" : true,
                                "inLayout" : true
                              }, {
                                "Align" : "left",
                                "AllowEdit" : false,
                                "EditorOptions" : {
                                  "Type" : "checkbox",
                                  "Validators" : [ "None", "NotEmpty", "Empty", "Checkbox", "Custom" ]
                                },
                                "FieldName" : "isEditableExtensionObject",
                                "FormatOptions" : {
                                  "FormatString" : "checkbox",
                                  "renderer" : "BOOLEAN"
                                },
                                "Title" : "isEditableExtensionObject",
                                "ValidationExpression" : "",
                                "ValidationMessage" : "",
                                "Width" : "auto",
                                "hidden" : true,
                                "inLayout" : true
                              }, {
                                "Align" : "left",
                                "AllowEdit" : false,
                                "EditorOptions" : {
                                  "Type" : "checkbox",
                                  "Validators" : [ "None", "NotEmpty", "Empty", "Checkbox", "Custom" ]
                                },
                                "FieldName" : "isEditableSystemObject",
                                "FormatOptions" : {
                                  "FormatString" : "checkbox",
                                  "renderer" : "BOOLEAN"
                                },
                                "Title" : "isEditableSystemObject",
                                "ValidationExpression" : "",
                                "ValidationMessage" : "",
                                "Width" : "auto",
                                "hidden" : true,
                                "inLayout" : true
                              }, {
                                "Align" : "left",
                                "AllowEdit" : false,
                                "EditorOptions" : {
                                  "Type" : "string",
                                  "Validators" : [ "None", "NotEmpty", "Empty", "Custom", "ValidAlphaNumeric", "ValidEmail", "ValidIPv4", "ValidSIN", "ValidSSN" ]
                                },
                                "FieldName" : "id",
                                "FormatOptions" : {
                                  "FormatString" : "full",
                                  "renderer" : "STRING"
                                },
                                "Title" : "id",
                                "ValidationExpression" : "",
                                "ValidationMessage" : "",
                                "Width" : "auto",
                                "hidden" : true,
                                "inLayout" : true
                              } ]
                            },
                            "Configuration" : "",
                            "ConfigurationId" : 3,
                            "CookiePersistence" : true,
                            "DataOverflow" : "clipped",
                            "DataServiceBindingDef" : {
                              "entityName" : "GIT.Utility.Thing",
                              "entityType" : "Things",
                              "target" : "GetProjectEntities"
                            },
                            "DefaultSelectedRows" : "",
                            "DisplayName" : "grid_Main",
                            "DisplayOnlyMode" : false,
                            "EditButtonsLocation" : "top-right",
                            "EnableAddDeleteButtons" : false,
                            "EnableContextMenu" : true,
                            "EnableEditButtons" : false,
                            "EnableFilterEventOnConfigChange" : true,
                            "EnableFooter" : false,
                            "EnableGridReset" : false,
                            "EnableGridSearch" : false,
                            "EnableKeyboardNavigation" : true,
                            "EnableSorting" : false,
                            "FocusStyle" : "DefaultFocusStyle",
                            "GridResetButtonLocation" : "top-right",
                            "GridSearchLocation" : "top-left",
                            "HeaderOverflow" : "tooltip",
                            "Height" : 200,
                            "IDFieldName" : "id",
                            "Id" : "gridadvanced-22",
                            "IsEditable" : false,
                            "LastContainer" : false,
                            "Left" : 145,
                            "MaxHeaderHeight" : 100,
                            "MinRowHeight" : 30,
                            "ResponsiveLayout" : true,
                            "RowAlternateBackgroundStyle" : "DefaultGridAdvancedRowAlternateBackgroundStyle",
                            "RowBackgroundStyle" : "DefaultGridAdvancedRowBackgroundStyle",
                            "RowBorderStyle" : "DefaultGridAdvancedRowBorderStyle",
                            "RowFormat_StateParameters" : [ ],
                            "RowHoverStyle" : "DefaultGridAdvancedRowHoverStyle",
                            "RowSelectedStyle" : "DefaultGridAdvancedRowSelectedStyle",
                            "RowSelection" : "multi",
                            "SelectedRows" : "",
                            "ShowDataLoading" : true,
                            "SortAscendingStyle" : "DefaultSortAscendingStyle",
                            "SortDescendingStyle" : "DefaultSortDescendingStyle",
                            "TableFooterStyle" : "DefaultGridAdvancedFooterStyle",
                            "TableHeaderStyle" : "DefaultGridAdvancedHeaderStyle",
                            "TableWrapperStyle" : "DefaultGridAdvancedWrapperStyle",
                            "ToolbarStyle" : "DefaultToolbarStyle",
                            "TooltipStyle" : "DefaultTooltipStyle",
                            "Top" : 50,
                            "Type" : "gridadvanced",
                            "UseTheme" : false,
                            "Visible" : true,
                            "Width" : 400,
                            "Z-index" : 10,
                            "__TypeDisplayName" : "Grid Advanced"
                          },
                          "Widgets" : [ ]
                        } ]
                      } ]
                    } ]
                  }, {
                    "Properties" : {
                      "AnimateExpandCollapse" : true,
                      "Area" : "UI",
                      "BGImageRepeat" : "no-repeat",
                      "BGImageSize" : "auto",
                      "DisplayName" : "Column",
                      "ExpandCollapseTabLocation" : "outside",
                      "Expanded" : true,
                      "Id" : "container-5",
                      "LastContainer" : false,
                      "MinHeight" : 0,
                      "MinWidth" : 0,
                      "Overlay" : false,
                      "OverlayIsTransparent" : false,
                      "ResponsiveLayout" : true,
                      "ShowDataLoading" : true,
                      "ShowExpandCollapseTab" : false,
                      "Style" : "DefaultContainerStyle",
                      "TabCollapseStyle" : "DefaultTabCollapseStyle",
                      "TabExpandStyle" : "DefaultTabExpandStyle",
                      "TabHeight" : 36,
                      "TabLocation" : "center",
                      "TabOffset" : 0,
                      "TabWidth" : 36,
                      "Type" : "container",
                      "Visible" : true,
                      "Z-index" : 10,
                      "__TypeDisplayName" : "Container",
                      "userCannotRemove" : true
                    },
                    "Widgets" : [ {
                      "Properties" : {
                        "Area" : "UI",
                        "ContainerClass" : "",
                        "DisplayName" : "panel-7",
                        "Height" : 200,
                        "HideScrollbars" : false,
                        "HorizontalAnchor" : "left",
                        "Id" : "panel-7",
                        "LastContainer" : false,
                        "Left" : 45,
                        "ResponsiveLayout" : true,
                        "ShowDataLoading" : true,
                        "Style" : {
                          "backgroundColor" : "",
                          "displayString" : "",
                          "fontEmphasisBold" : false,
                          "fontEmphasisItalic" : false,
                          "fontEmphasisUnderline" : false,
                          "foregroundColor" : "",
                          "image" : "",
                          "lineColor" : "",
                          "lineStyle" : "solid",
                          "lineThickness" : 1,
                          "secondaryBackgroundColor" : "",
                          "textSize" : "normal"
                        },
                        "Top" : 65,
                        "Type" : "panel",
                        "VerticalAnchor" : "top",
                        "Visible" : true,
                        "Width" : 300,
                        "Z-index" : 10,
                        "__TypeDisplayName" : "Panel"
                      },
                      "Widgets" : [ {
                        "Properties" : {
                          "ActiveStyle" : "DefaultButtonActiveStyle",
                          "Area" : "UI",
                          "CancelConfirmationButton" : "button2",
                          "ConfirmationButton1Label" : "Yes",
                          "ConfirmationButton2Label" : "No",
                          "ConfirmationPrompt" : "Do Action?",
                          "ConfirmationRequired" : false,
                          "ConfirmationTitle" : "Confirm Action",
                          "ContextId" : "",
                          "CustomClass" : "btn_blue",
                          "DefaultConfirmationButton" : "button1",
                          "Disabled" : false,
                          "DisabledStyle" : "DefaultButtonDisabledStyle",
                          "DisplayName" : "btn_Add",
                          "FocusStyle" : "DefaultButtonFocusStyle",
                          "Height" : 30,
                          "HoverStyle" : "DefaultButtonHoverStyle",
                          "IconAlignment" : "left",
                          "Id" : "button-8",
                          "Label" : "Add",
                          "LastContainer" : false,
                          "Left" : 4,
                          "ResponsiveLayout" : false,
                          "RoundedCorners" : true,
                          "ShowDataLoading" : true,
                          "SingleClickSelectOnTablets" : true,
                          "Style" : "DefaultButtonStyle",
                          "TabSequence" : 0,
                          "ToolTipField" : "",
                          "ToolTipStyle" : "DefaultTooltipStyle",
                          "Top" : 116,
                          "Type" : "button",
                          "Visible" : true,
                          "Width" : 75,
                          "Z-index" : 10,
                          "__TypeDisplayName" : "Button",
                          "__supportsTooltip" : true
                        },
                        "Widgets" : [ ]
                      }, {
                        "Properties" : {
                          "ActiveStyle" : "DefaultButtonActiveStyle",
                          "Area" : "UI",
                          "CancelConfirmationButton" : "button2",
                          "ConfirmationButton1Label" : "Yes",
                          "ConfirmationButton2Label" : "No",
                          "ConfirmationPrompt" : "Do Action?",
                          "ConfirmationRequired" : false,
                          "ConfirmationTitle" : "Confirm Action",
                          "ContextId" : "",
                          "CustomClass" : "btn_blue",
                          "DefaultConfirmationButton" : "button1",
                          "Disabled" : false,
                          "DisabledStyle" : "DefaultButtonDisabledStyle",
                          "DisplayName" : "btn_Remove",
                          "FocusStyle" : "DefaultButtonFocusStyle",
                          "Height" : 30,
                          "HoverStyle" : "DefaultButtonHoverStyle",
                          "IconAlignment" : "left",
                          "Id" : "button-9",
                          "Label" : "Remove",
                          "LastContainer" : false,
                          "Left" : 4,
                          "ResponsiveLayout" : false,
                          "RoundedCorners" : true,
                          "ShowDataLoading" : true,
                          "SingleClickSelectOnTablets" : true,
                          "Style" : "DefaultButtonStyle",
                          "TabSequence" : 0,
                          "ToolTipField" : "",
                          "ToolTipStyle" : "DefaultTooltipStyle",
                          "Top" : 176,
                          "Type" : "button",
                          "Visible" : true,
                          "Width" : 75,
                          "Z-index" : 10,
                          "__TypeDisplayName" : "Button",
                          "__supportsTooltip" : true
                        },
                        "Widgets" : [ ]
                      }, {
                        "Properties" : {
                          "Area" : "UI",
                          "DisplayName" : "divider-27",
                          "Height" : 5,
                          "Id" : "divider-27",
                          "LastContainer" : false,
                          "Left" : 4,
                          "ResponsiveLayout" : false,
                          "ShowDataLoading" : true,
                          "Style" : "DefaultDividerStyle",
                          "Top" : 322,
                          "Type" : "divider",
                          "Visible" : true,
                          "Width" : 75,
                          "Z-index" : 10,
                          "__TypeDisplayName" : "Divider"
                        },
                        "Widgets" : [ ]
                      }, {
                        "Properties" : {
                          "ActiveStyle" : "DefaultButtonActiveStyle",
                          "Area" : "UI",
                          "CancelConfirmationButton" : "button2",
                          "ConfirmationButton1Label" : "Yes",
                          "ConfirmationButton2Label" : "No",
                          "ConfirmationPrompt" : "Do Action?",
                          "ConfirmationRequired" : false,
                          "ConfirmationTitle" : "Confirm Action",
                          "ContextId" : "",
                          "CustomClass" : "btn_blue",
                          "DefaultConfirmationButton" : "button1",
                          "Disabled" : false,
                          "DisabledStyle" : "DefaultButtonDisabledStyle",
                          "DisplayName" : "btn_Export",
                          "FocusStyle" : "DefaultButtonFocusStyle",
                          "Height" : 30,
                          "HoverStyle" : "DefaultButtonHoverStyle",
                          "IconAlignment" : "left",
                          "Id" : "button-28",
                          "Label" : "Export",
                          "LastContainer" : false,
                          "Left" : 4,
                          "ResponsiveLayout" : false,
                          "RoundedCorners" : true,
                          "ShowDataLoading" : true,
                          "SingleClickSelectOnTablets" : true,
                          "Style" : "DefaultButtonStyle",
                          "TabSequence" : 0,
                          "ToolTipField" : "",
                          "ToolTipStyle" : "DefaultTooltipStyle",
                          "Top" : 366,
                          "Type" : "button",
                          "Visible" : true,
                          "Width" : 75,
                          "Z-index" : 10,
                          "__TypeDisplayName" : "Button",
                          "__supportsTooltip" : true
                        },
                        "Widgets" : [ ]
                      } ]
                    } ]
                  }, {
                    "Properties" : {
                      "AnimateExpandCollapse" : true,
                      "Area" : "UI",
                      "BGImageRepeat" : "no-repeat",
                      "BGImageSize" : "auto",
                      "DisplayName" : "Column 2",
                      "ExpandCollapseTabLocation" : "outside",
                      "Expanded" : true,
                      "Id" : "container-4",
                      "LastContainer" : false,
                      "MinHeight" : 0,
                      "MinWidth" : 0,
                      "Overlay" : false,
                      "OverlayIsTransparent" : false,
                      "ResponsiveLayout" : true,
                      "ShowDataLoading" : true,
                      "ShowExpandCollapseTab" : false,
                      "Style" : "DefaultContainerStyle",
                      "TabCollapseStyle" : "DefaultTabCollapseStyle",
                      "TabExpandStyle" : "DefaultTabExpandStyle",
                      "TabHeight" : 36,
                      "TabLocation" : "center",
                      "TabOffset" : 0,
                      "TabWidth" : 36,
                      "Type" : "container",
                      "Visible" : true,
                      "Z-index" : 10,
                      "__TypeDisplayName" : "Container",
                      "userCannotRemove" : true
                    },
                    "Widgets" : [ {
                      "Properties" : {
                        "AlignHeader" : false,
                        "Area" : "UI",
                        "AutoSelectFirstRow" : false,
                        "CellTextWrapping" : true,
                        "ColumnFormat" : {
                          "formatInfo" : [ {
                            "Align" : "left",
                            "AllowEdit" : false,
                            "FieldName" : "name",
                            "FormatOptions" : {
                              "FormatString" : "full",
                              "formatInfo" : {
                                "FieldName" : "",
                                "StateDefinition" : "",
                                "StateDefinitionType" : "fixed",
                                "StateFormats" : [ {
                                  "state" : "",
                                  "stateName" : "fixed"
                                } ]
                              },
                              "renderer" : "STRING",
                              "roundingEnabled" : true
                            },
                            "Title" : "name",
                            "ValidationExpression" : "",
                            "ValidationMessage" : "",
                            "Width" : "120"
                          }, {
                            "Align" : "left",
                            "AllowEdit" : false,
                            "FieldName" : "type",
                            "FormatOptions" : {
                              "FormatString" : "full",
                              "formatInfo" : {
                                "FieldName" : "",
                                "StateDefinition" : "",
                                "StateDefinitionType" : "fixed",
                                "StateFormats" : [ {
                                  "state" : "",
                                  "stateName" : "fixed"
                                } ]
                              },
                              "renderer" : "STRING",
                              "roundingEnabled" : true
                            },
                            "Title" : "type",
                            "ValidationExpression" : "",
                            "ValidationMessage" : "",
                            "Width" : "auto"
                          }, {
                            "Align" : "left",
                            "AllowEdit" : false,
                            "FieldName" : "lastModifiedDate",
                            "FormatOptions" : {
                              "FormatString" : "[[dateTimeFormat_Default]]",
                              "formatInfo" : {
                                "FieldName" : "",
                                "StateDefinition" : "",
                                "StateDefinitionType" : "fixed",
                                "StateFormats" : [ {
                                  "state" : "",
                                  "stateName" : "fixed"
                                } ]
                              },
                              "renderer" : "DATETIME",
                              "roundingEnabled" : true
                            },
                            "Title" : "lastModifiedDate",
                            "ValidationExpression" : "",
                            "ValidationMessage" : "",
                            "Width" : "auto"
                          } ]
                        },
                        "CurrentScrollTop" : 0,
                        "DisplayName" : "dhxgrid-10",
                        "FocusStyle" : "DefaultFocusStyle",
                        "GridBackgroundStyle" : "DefaultGridBackgroundStyle",
                        "GridEditableFieldStyle" : "DefaultGridEditableFieldStyle",
                        "GridHeaderStyle" : "DefaultGridHeaderStyle",
                        "GridHeaderTextCase" : "capitalize",
                        "GridInvalidFieldStyle" : "DefaultGridInvalidFieldStyle",
                        "Height" : 200,
                        "Id" : "dhxgrid-10",
                        "IsEditable" : false,
                        "IsPrintLayout" : false,
                        "LastContainer" : false,
                        "Left" : 0,
                        "MultiSelect" : false,
                        "ResponsiveLayout" : true,
                        "RowAlternateBackgroundStyle" : "DefaultRowAlternateBackgroundStyle",
                        "RowBackgroundStyle" : "DefaultRowBackgroundStyle",
                        "RowFormat_StateParameters" : [ ],
                        "RowHeight" : 30,
                        "RowHoverStyle" : "DefaultRowHoverStyle",
                        "RowSelectedStyle" : "DefaultRowSelectedStyle",
                        "ScrollTop" : 0,
                        "ShowAllColumns" : false,
                        "ShowDataLoading" : true,
                        "TabSequence" : 0,
                        "Top" : 0,
                        "Type" : "dhxgrid",
                        "Visible" : true,
                        "Width" : 400,
                        "Z-index" : 10,
                        "__TypeDisplayName" : "Grid"
                      },
                      "Widgets" : [ ]
                    } ]
                  } ]
                }, {
                  "Properties" : {
                    "Area" : "UI",
                    "DataShape" : "",
                    "DataType" : "INFOTABLE",
                    "DisplayName" : "EntitiesToExport",
                    "Id" : "eventsrouter-20",
                    "LastContainer" : false,
                    "Left" : 0,
                    "NumberOfInputs" : "2",
                    "ShowDataLoading" : true,
                    "Top" : 0,
                    "Type" : "eventsrouter",
                    "Visible" : true,
                    "Z-index" : 10,
                    "__TypeDisplayName" : "Events Router"
                  },
                  "Widgets" : [ ]
                }, {
                  "Properties" : {
                    "Area" : "UI",
                    "DataShape" : "",
                    "DataType" : "INFOTABLE",
                    "DisplayName" : "SelectOrDeselectRows",
                    "Id" : "eventsrouter-23",
                    "LastContainer" : false,
                    "Left" : 0,
                    "NumberOfInputs" : "2",
                    "ShowDataLoading" : true,
                    "Top" : 0,
                    "Type" : "eventsrouter",
                    "Visible" : true,
                    "Z-index" : 10,
                    "__TypeDisplayName" : "Events Router"
                  },
                  "Widgets" : [ ]
                } ]
              },
              "mashupType" : "mashup"
            }
            ]]>
            </mashupContent>
            <preview></preview>
        </Mashup>
    </Mashups>
</Entities>
